<CSV_value>,<CSV_error>,<CSV_uncertainty>,<CSV_unit>,<CSV_metric_id>,<CSV_observation_id>,<CSV_measurand_id>
26.92,Not Available,Not Available,percent,1,1,Not Available
11.54,Not Available,Not Available,percent,2,1,Not Available
19.23,Not Available,Not Available,percent,3,1,Not Available
23.08,Not Available,Not Available,percent,4,1,Not Available
23.08,Not Available,Not Available,percent,5,1,Not Available
19.23,Not Available,Not Available,percent,6,1,Not Available
38.46,Not Available,Not Available,percent,7,1,Not Available
34.62,Not Available,Not Available,percent,8,1,Not Available
26.92,Not Available,Not Available,percent,9,1,Not Available
22.12,Not Available,Not Available,percent,10,1,Not Available
15.38,Not Available,Not Available,percent,11,1,Not Available
17.65,Not Available,Not Available,percent,12,1,Not Available
23.08,Not Available,Not Available,percent,13,1,Not Available
30.77,Not Available,Not Available,percent,14,1,Not Available
23.08,Not Available,Not Available,percent,15,1,Not Available
19.23,Not Available,Not Available,percent,16,1,Not Available
32,Not Available,Not Available,percent,17,1,Not Available
25.0,Not Available,Not Available,percent,18,1,Not Available
23.3,Not Available,Not Available,percent,19,1,Not Available
22.81,Not Available,Not Available,percent,20,1,Not Available
20.69,Not Available,Not Available,percent,21,1,Not Available
26.09,Not Available,Not Available,percent,22,1,Not Available
20,Not Available,Not Available,percent,23,1,Not Available
19.23,Not Available,Not Available,percent,24,1,Not Available
30.77,Not Available,Not Available,percent,25,1,Not Available
11.54,Not Available,Not Available,percent,26,1,Not Available
16.67,Not Available,Not Available,percent,27,1,Not Available
7.69,Not Available,Not Available,percent,28,1,Not Available
22.12,Not Available,Not Available,percent,29,1,Not Available
15.84,Not Available,Not Available,percent,30,1,Not Available
34.62,Not Available,Not Available,percent,1,2,Not Available
11.54,Not Available,Not Available,percent,2,2,Not Available
19.23,Not Available,Not Available,percent,3,2,Not Available
19.23,Not Available,Not Available,percent,4,2,Not Available
34.62,Not Available,Not Available,percent,5,2,Not Available
19.23,Not Available,Not Available,percent,6,2,Not Available
15.38,Not Available,Not Available,percent,7,2,Not Available
26.92,Not Available,Not Available,percent,8,2,Not Available
25.96,Not Available,Not Available,percent,9,2,Not Available
19.23,Not Available,Not Available,percent,10,2,Not Available
46.15,Not Available,Not Available,percent,11,2,Not Available
20.59,Not Available,Not Available,percent,12,2,Not Available
15.38,Not Available,Not Available,percent,13,2,Not Available
23.08,Not Available,Not Available,percent,14,2,Not Available
19.23,Not Available,Not Available,percent,15,2,Not Available
19.23,Not Available,Not Available,percent,16,2,Not Available
32,Not Available,Not Available,percent,17,2,Not Available
21.43,Not Available,Not Available,percent,18,2,Not Available
28.16,Not Available,Not Available,percent,19,2,Not Available
21.05,Not Available,Not Available,percent,20,2,Not Available
20.69,Not Available,Not Available,percent,21,2,Not Available
8.7,Not Available,Not Available,percent,22,2,Not Available
28,Not Available,Not Available,percent,23,2,Not Available
7.69,Not Available,Not Available,percent,24,2,Not Available
11.54,Not Available,Not Available,percent,25,2,Not Available
19.23,Not Available,Not Available,percent,26,2,Not Available
16.67,Not Available,Not Available,percent,27,2,Not Available
15.38,Not Available,Not Available,percent,28,2,Not Available
19.23,Not Available,Not Available,percent,29,2,Not Available
12.87,Not Available,Not Available,percent,30,2,Not Available
46.15,Not Available,Not Available,percent,1,3,Not Available
34.62,Not Available,Not Available,percent,2,3,Not Available
46.15,Not Available,Not Available,percent,3,3,Not Available
42.31,Not Available,Not Available,percent,4,3,Not Available
50.0,Not Available,Not Available,percent,5,3,Not Available
50.0,Not Available,Not Available,percent,6,3,Not Available
38.46,Not Available,Not Available,percent,7,3,Not Available
19.23,Not Available,Not Available,percent,8,3,Not Available
45.19,Not Available,Not Available,percent,9,3,Not Available
36.54,Not Available,Not Available,percent,10,3,Not Available
42.31,Not Available,Not Available,percent,11,3,Not Available
44.12,Not Available,Not Available,percent,12,3,Not Available
34.62,Not Available,Not Available,percent,13,3,Not Available
53.85,Not Available,Not Available,percent,14,3,Not Available
34.62,Not Available,Not Available,percent,15,3,Not Available
50.0,Not Available,Not Available,percent,16,3,Not Available
44,Not Available,Not Available,percent,17,3,Not Available
14.29,Not Available,Not Available,percent,18,3,Not Available
38.83,Not Available,Not Available,percent,19,3,Not Available
40.35,Not Available,Not Available,percent,20,3,Not Available
20.69,Not Available,Not Available,percent,21,3,Not Available
39.13,Not Available,Not Available,percent,22,3,Not Available
24,Not Available,Not Available,percent,23,3,Not Available
38.46,Not Available,Not Available,percent,24,3,Not Available
26.92,Not Available,Not Available,percent,25,3,Not Available
38.46,Not Available,Not Available,percent,26,3,Not Available
29.17,Not Available,Not Available,percent,27,3,Not Available
19.23,Not Available,Not Available,percent,28,3,Not Available
25.0,Not Available,Not Available,percent,29,3,Not Available
33.66,Not Available,Not Available,percent,30,3,Not Available
38.46,Not Available,Not Available,percent,1,4,Not Available
26.92,Not Available,Not Available,percent,2,4,Not Available
15.38,Not Available,Not Available,percent,3,4,Not Available
23.08,Not Available,Not Available,percent,4,4,Not Available
42.31,Not Available,Not Available,percent,5,4,Not Available
23.08,Not Available,Not Available,percent,6,4,Not Available
34.62,Not Available,Not Available,percent,7,4,Not Available
38.46,Not Available,Not Available,percent,8,4,Not Available
32.69,Not Available,Not Available,percent,9,4,Not Available
27.88,Not Available,Not Available,percent,10,4,Not Available
30.77,Not Available,Not Available,percent,11,4,Not Available
38.24,Not Available,Not Available,percent,12,4,Not Available
23.08,Not Available,Not Available,percent,13,4,Not Available
34.62,Not Available,Not Available,percent,14,4,Not Available
19.23,Not Available,Not Available,percent,15,4,Not Available
23.08,Not Available,Not Available,percent,16,4,Not Available
28,Not Available,Not Available,percent,17,4,Not Available
28.57,Not Available,Not Available,percent,18,4,Not Available
25.24,Not Available,Not Available,percent,19,4,Not Available
31.58,Not Available,Not Available,percent,20,4,Not Available
13.79,Not Available,Not Available,percent,21,4,Not Available
21.74,Not Available,Not Available,percent,22,4,Not Available
28,Not Available,Not Available,percent,23,4,Not Available
26.92,Not Available,Not Available,percent,24,4,Not Available
19.23,Not Available,Not Available,percent,25,4,Not Available
23.08,Not Available,Not Available,percent,26,4,Not Available
25.0,Not Available,Not Available,percent,27,4,Not Available
23.08,Not Available,Not Available,percent,28,4,Not Available
21.15,Not Available,Not Available,percent,29,4,Not Available
23.76,Not Available,Not Available,percent,30,4,Not Available
34.62,Not Available,Not Available,percent,1,5,Not Available
23.08,Not Available,Not Available,percent,2,5,Not Available
15.38,Not Available,Not Available,percent,3,5,Not Available
15.38,Not Available,Not Available,percent,4,5,Not Available
7.69,Not Available,Not Available,percent,5,5,Not Available
0.0,Not Available,Not Available,percent,6,5,Not Available
30.77,Not Available,Not Available,percent,7,5,Not Available
19.23,Not Available,Not Available,percent,8,5,Not Available
22.12,Not Available,Not Available,percent,9,5,Not Available
14.42,Not Available,Not Available,percent,10,5,Not Available
30.77,Not Available,Not Available,percent,11,5,Not Available
23.53,Not Available,Not Available,percent,12,5,Not Available
23.08,Not Available,Not Available,percent,13,5,Not Available
3.85,Not Available,Not Available,percent,14,5,Not Available
11.54,Not Available,Not Available,percent,15,5,Not Available
11.54,Not Available,Not Available,percent,16,5,Not Available
20,Not Available,Not Available,percent,17,5,Not Available
25.0,Not Available,Not Available,percent,18,5,Not Available
21.36,Not Available,Not Available,percent,19,5,Not Available
16.67,Not Available,Not Available,percent,20,5,Not Available
24.14,Not Available,Not Available,percent,21,5,Not Available
34.78,Not Available,Not Available,percent,22,5,Not Available
12,Not Available,Not Available,percent,23,5,Not Available
11.54,Not Available,Not Available,percent,24,5,Not Available
3.85,Not Available,Not Available,percent,25,5,Not Available
0.0,Not Available,Not Available,percent,26,5,Not Available
20.83,Not Available,Not Available,percent,27,5,Not Available
23.08,Not Available,Not Available,percent,28,5,Not Available
15.38,Not Available,Not Available,percent,29,5,Not Available
16.83,Not Available,Not Available,percent,30,5,Not Available
15.38,Not Available,Not Available,percent,1,6,Not Available
23.08,Not Available,Not Available,percent,2,6,Not Available
23.08,Not Available,Not Available,percent,3,6,Not Available
23.08,Not Available,Not Available,percent,4,6,Not Available
11.54,Not Available,Not Available,percent,5,6,Not Available
15.38,Not Available,Not Available,percent,6,6,Not Available
19.23,Not Available,Not Available,percent,7,6,Not Available
23.08,Not Available,Not Available,percent,8,6,Not Available
17.31,Not Available,Not Available,percent,9,6,Not Available
21.15,Not Available,Not Available,percent,10,6,Not Available
11.54,Not Available,Not Available,percent,11,6,Not Available
29.41,Not Available,Not Available,percent,12,6,Not Available
3.85,Not Available,Not Available,percent,13,6,Not Available
19.23,Not Available,Not Available,percent,14,6,Not Available
11.54,Not Available,Not Available,percent,15,6,Not Available
23.08,Not Available,Not Available,percent,16,6,Not Available
24,Not Available,Not Available,percent,17,6,Not Available
21.43,Not Available,Not Available,percent,18,6,Not Available
12.62,Not Available,Not Available,percent,19,6,Not Available
23.68,Not Available,Not Available,percent,20,6,Not Available
27.59,Not Available,Not Available,percent,21,6,Not Available
13.04,Not Available,Not Available,percent,22,6,Not Available
28,Not Available,Not Available,percent,23,6,Not Available
11.54,Not Available,Not Available,percent,24,6,Not Available
15.38,Not Available,Not Available,percent,25,6,Not Available
23.08,Not Available,Not Available,percent,26,6,Not Available
33.33,Not Available,Not Available,percent,27,6,Not Available
23.08,Not Available,Not Available,percent,28,6,Not Available
25.96,Not Available,Not Available,percent,29,6,Not Available
17.82,Not Available,Not Available,percent,30,6,Not Available
46.15,Not Available,Not Available,percent,1,7,Not Available
23.08,Not Available,Not Available,percent,2,7,Not Available
34.62,Not Available,Not Available,percent,3,7,Not Available
34.62,Not Available,Not Available,percent,4,7,Not Available
38.46,Not Available,Not Available,percent,5,7,Not Available
34.62,Not Available,Not Available,percent,6,7,Not Available
38.46,Not Available,Not Available,percent,7,7,Not Available
38.46,Not Available,Not Available,percent,8,7,Not Available
39.42,Not Available,Not Available,percent,9,7,Not Available
32.69,Not Available,Not Available,percent,10,7,Not Available
19.23,Not Available,Not Available,percent,11,7,Not Available
32.35,Not Available,Not Available,percent,12,7,Not Available
30.77,Not Available,Not Available,percent,13,7,Not Available
50.0,Not Available,Not Available,percent,14,7,Not Available
30.77,Not Available,Not Available,percent,15,7,Not Available
30.77,Not Available,Not Available,percent,16,7,Not Available
44,Not Available,Not Available,percent,17,7,Not Available
17.86,Not Available,Not Available,percent,18,7,Not Available
31.07,Not Available,Not Available,percent,19,7,Not Available
32.46,Not Available,Not Available,percent,20,7,Not Available
31.03,Not Available,Not Available,percent,21,7,Not Available
26.09,Not Available,Not Available,percent,22,7,Not Available
32,Not Available,Not Available,percent,23,7,Not Available
26.92,Not Available,Not Available,percent,24,7,Not Available
19.23,Not Available,Not Available,percent,25,7,Not Available
23.08,Not Available,Not Available,percent,26,7,Not Available
29.17,Not Available,Not Available,percent,27,7,Not Available
38.46,Not Available,Not Available,percent,28,7,Not Available
27.88,Not Available,Not Available,percent,29,7,Not Available
28.71,Not Available,Not Available,percent,30,7,Not Available
34.62,Not Available,Not Available,percent,1,8,Not Available
23.08,Not Available,Not Available,percent,2,8,Not Available
34.62,Not Available,Not Available,percent,3,8,Not Available
53.85,Not Available,Not Available,percent,4,8,Not Available
46.15,Not Available,Not Available,percent,5,8,Not Available
26.92,Not Available,Not Available,percent,6,8,Not Available
34.62,Not Available,Not Available,percent,7,8,Not Available
38.46,Not Available,Not Available,percent,8,8,Not Available
37.5,Not Available,Not Available,percent,9,8,Not Available
35.58,Not Available,Not Available,percent,10,8,Not Available
26.92,Not Available,Not Available,percent,11,8,Not Available
26.47,Not Available,Not Available,percent,12,8,Not Available
23.08,Not Available,Not Available,percent,13,8,Not Available
42.31,Not Available,Not Available,percent,14,8,Not Available
23.08,Not Available,Not Available,percent,15,8,Not Available
42.31,Not Available,Not Available,percent,16,8,Not Available
32,Not Available,Not Available,percent,17,8,Not Available
32.14,Not Available,Not Available,percent,18,8,Not Available
26.21,Not Available,Not Available,percent,19,8,Not Available
35.09,Not Available,Not Available,percent,20,8,Not Available
24.14,Not Available,Not Available,percent,21,8,Not Available
34.78,Not Available,Not Available,percent,22,8,Not Available
40,Not Available,Not Available,percent,23,8,Not Available
19.23,Not Available,Not Available,percent,24,8,Not Available
23.08,Not Available,Not Available,percent,25,8,Not Available
30.77,Not Available,Not Available,percent,26,8,Not Available
37.5,Not Available,Not Available,percent,27,8,Not Available
15.38,Not Available,Not Available,percent,28,8,Not Available
30.77,Not Available,Not Available,percent,29,8,Not Available
24.75,Not Available,Not Available,percent,30,8,Not Available
46.15,Not Available,Not Available,percent,1,9,Not Available
23.08,Not Available,Not Available,percent,2,9,Not Available
50.0,Not Available,Not Available,percent,3,9,Not Available
50.0,Not Available,Not Available,percent,4,9,Not Available
57.69,Not Available,Not Available,percent,5,9,Not Available
38.46,Not Available,Not Available,percent,6,9,Not Available
26.92,Not Available,Not Available,percent,7,9,Not Available
34.62,Not Available,Not Available,percent,8,9,Not Available
45.19,Not Available,Not Available,percent,9,9,Not Available
36.54,Not Available,Not Available,percent,10,9,Not Available
23.08,Not Available,Not Available,percent,11,9,Not Available
26.47,Not Available,Not Available,percent,12,9,Not Available
38.46,Not Available,Not Available,percent,13,9,Not Available
38.46,Not Available,Not Available,percent,14,9,Not Available
23.08,Not Available,Not Available,percent,15,9,Not Available
15.38,Not Available,Not Available,percent,16,9,Not Available
24,Not Available,Not Available,percent,17,9,Not Available
25.0,Not Available,Not Available,percent,18,9,Not Available
27.18,Not Available,Not Available,percent,19,9,Not Available
26.32,Not Available,Not Available,percent,20,9,Not Available
24.14,Not Available,Not Available,percent,21,9,Not Available
8.7,Not Available,Not Available,percent,22,9,Not Available
32,Not Available,Not Available,percent,23,9,Not Available
19.23,Not Available,Not Available,percent,24,9,Not Available
23.08,Not Available,Not Available,percent,25,9,Not Available
19.23,Not Available,Not Available,percent,26,9,Not Available
33.33,Not Available,Not Available,percent,27,9,Not Available
23.08,Not Available,Not Available,percent,28,9,Not Available
27.88,Not Available,Not Available,percent,29,9,Not Available
17.82,Not Available,Not Available,percent,30,9,Not Available
50.0,Not Available,Not Available,percent,1,10,Not Available
30.77,Not Available,Not Available,percent,2,10,Not Available
42.31,Not Available,Not Available,percent,3,10,Not Available
38.46,Not Available,Not Available,percent,4,10,Not Available
30.77,Not Available,Not Available,percent,5,10,Not Available
15.38,Not Available,Not Available,percent,6,10,Not Available
34.62,Not Available,Not Available,percent,7,10,Not Available
26.92,Not Available,Not Available,percent,8,10,Not Available
39.42,Not Available,Not Available,percent,9,10,Not Available
27.88,Not Available,Not Available,percent,10,10,Not Available
19.23,Not Available,Not Available,percent,11,10,Not Available
8.82,Not Available,Not Available,percent,12,10,Not Available
7.69,Not Available,Not Available,percent,13,10,Not Available
7.69,Not Available,Not Available,percent,14,10,Not Available
11.54,Not Available,Not Available,percent,15,10,Not Available
11.54,Not Available,Not Available,percent,16,10,Not Available
8,Not Available,Not Available,percent,17,10,Not Available
14.29,Not Available,Not Available,percent,18,10,Not Available
11.65,Not Available,Not Available,percent,19,10,Not Available
10.53,Not Available,Not Available,percent,20,10,Not Available
6.9,Not Available,Not Available,percent,21,10,Not Available
4.35,Not Available,Not Available,percent,22,10,Not Available
4,Not Available,Not Available,percent,23,10,Not Available
15.38,Not Available,Not Available,percent,24,10,Not Available
7.69,Not Available,Not Available,percent,25,10,Not Available
15.38,Not Available,Not Available,percent,26,10,Not Available
12.5,Not Available,Not Available,percent,27,10,Not Available
7.69,Not Available,Not Available,percent,28,10,Not Available
7.69,Not Available,Not Available,percent,29,10,Not Available
10.89,Not Available,Not Available,percent,30,10,Not Available
26.92,Not Available,Not Available,percent,1,11,Not Available
50.0,Not Available,Not Available,percent,2,11,Not Available
57.69,Not Available,Not Available,percent,3,11,Not Available
50.0,Not Available,Not Available,percent,4,11,Not Available
69.23,Not Available,Not Available,percent,5,11,Not Available
34.62,Not Available,Not Available,percent,6,11,Not Available
65.38,Not Available,Not Available,percent,7,11,Not Available
38.46,Not Available,Not Available,percent,8,11,Not Available
54.81,Not Available,Not Available,percent,9,11,Not Available
43.27,Not Available,Not Available,percent,10,11,Not Available
34.62,Not Available,Not Available,percent,11,11,Not Available
29.41,Not Available,Not Available,percent,12,11,Not Available
46.15,Not Available,Not Available,percent,13,11,Not Available
61.54,Not Available,Not Available,percent,14,11,Not Available
30.77,Not Available,Not Available,percent,15,11,Not Available
42.31,Not Available,Not Available,percent,16,11,Not Available
48,Not Available,Not Available,percent,17,11,Not Available
57.14,Not Available,Not Available,percent,18,11,Not Available
39.81,Not Available,Not Available,percent,19,11,Not Available
46.49,Not Available,Not Available,percent,20,11,Not Available
17.24,Not Available,Not Available,percent,21,11,Not Available
39.13,Not Available,Not Available,percent,22,11,Not Available
44,Not Available,Not Available,percent,23,11,Not Available
23.08,Not Available,Not Available,percent,24,11,Not Available
53.85,Not Available,Not Available,percent,25,11,Not Available
30.77,Not Available,Not Available,percent,26,11,Not Available
33.33,Not Available,Not Available,percent,27,11,Not Available
34.62,Not Available,Not Available,percent,28,11,Not Available
36.54,Not Available,Not Available,percent,29,11,Not Available
31.68,Not Available,Not Available,percent,30,11,Not Available
26.92,Not Available,Not Available,percent,1,12,Not Available
38.46,Not Available,Not Available,percent,2,12,Not Available
53.85,Not Available,Not Available,percent,3,12,Not Available
46.15,Not Available,Not Available,percent,4,12,Not Available
69.23,Not Available,Not Available,percent,5,12,Not Available
38.46,Not Available,Not Available,percent,6,12,Not Available
42.31,Not Available,Not Available,percent,7,12,Not Available
23.08,Not Available,Not Available,percent,8,12,Not Available
48.08,Not Available,Not Available,percent,9,12,Not Available
36.54,Not Available,Not Available,percent,10,12,Not Available
23.08,Not Available,Not Available,percent,11,12,Not Available
35.29,Not Available,Not Available,percent,12,12,Not Available
61.54,Not Available,Not Available,percent,13,12,Not Available
42.31,Not Available,Not Available,percent,14,12,Not Available
15.38,Not Available,Not Available,percent,15,12,Not Available
38.46,Not Available,Not Available,percent,16,12,Not Available
28,Not Available,Not Available,percent,17,12,Not Available
28.57,Not Available,Not Available,percent,18,12,Not Available
32.04,Not Available,Not Available,percent,19,12,Not Available
35.96,Not Available,Not Available,percent,20,12,Not Available
24.14,Not Available,Not Available,percent,21,12,Not Available
39.13,Not Available,Not Available,percent,22,12,Not Available
40,Not Available,Not Available,percent,23,12,Not Available
38.46,Not Available,Not Available,percent,24,12,Not Available
38.46,Not Available,Not Available,percent,25,12,Not Available
15.38,Not Available,Not Available,percent,26,12,Not Available
58.33,Not Available,Not Available,percent,27,12,Not Available
34.62,Not Available,Not Available,percent,28,12,Not Available
39.42,Not Available,Not Available,percent,29,12,Not Available
31.68,Not Available,Not Available,percent,30,12,Not Available
34.62,Not Available,Not Available,percent,1,13,Not Available
23.08,Not Available,Not Available,percent,2,13,Not Available
30.77,Not Available,Not Available,percent,3,13,Not Available
50.0,Not Available,Not Available,percent,4,13,Not Available
53.85,Not Available,Not Available,percent,5,13,Not Available
34.62,Not Available,Not Available,percent,6,13,Not Available
26.92,Not Available,Not Available,percent,7,13,Not Available
46.15,Not Available,Not Available,percent,8,13,Not Available
36.54,Not Available,Not Available,percent,9,13,Not Available
38.46,Not Available,Not Available,percent,10,13,Not Available
26.92,Not Available,Not Available,percent,11,13,Not Available
32.35,Not Available,Not Available,percent,12,13,Not Available
19.23,Not Available,Not Available,percent,13,13,Not Available
42.31,Not Available,Not Available,percent,14,13,Not Available
26.92,Not Available,Not Available,percent,15,13,Not Available
38.46,Not Available,Not Available,percent,16,13,Not Available
24,Not Available,Not Available,percent,17,13,Not Available
46.43,Not Available,Not Available,percent,18,13,Not Available
24.27,Not Available,Not Available,percent,19,13,Not Available
39.47,Not Available,Not Available,percent,20,13,Not Available
17.24,Not Available,Not Available,percent,21,13,Not Available
26.09,Not Available,Not Available,percent,22,13,Not Available
36,Not Available,Not Available,percent,23,13,Not Available
30.77,Not Available,Not Available,percent,24,13,Not Available
19.23,Not Available,Not Available,percent,25,13,Not Available
38.46,Not Available,Not Available,percent,26,13,Not Available
29.17,Not Available,Not Available,percent,27,13,Not Available
11.54,Not Available,Not Available,percent,28,13,Not Available
25.0,Not Available,Not Available,percent,29,13,Not Available
26.73,Not Available,Not Available,percent,30,13,Not Available
34.62,Not Available,Not Available,percent,1,14,Not Available
34.62,Not Available,Not Available,percent,2,14,Not Available
34.62,Not Available,Not Available,percent,3,14,Not Available
42.31,Not Available,Not Available,percent,4,14,Not Available
65.38,Not Available,Not Available,percent,5,14,Not Available
26.92,Not Available,Not Available,percent,6,14,Not Available
42.31,Not Available,Not Available,percent,7,14,Not Available
50.0,Not Available,Not Available,percent,8,14,Not Available
44.23,Not Available,Not Available,percent,9,14,Not Available
38.46,Not Available,Not Available,percent,10,14,Not Available
15.38,Not Available,Not Available,percent,11,14,Not Available
23.53,Not Available,Not Available,percent,12,14,Not Available
30.77,Not Available,Not Available,percent,13,14,Not Available
30.77,Not Available,Not Available,percent,14,14,Not Available
15.38,Not Available,Not Available,percent,15,14,Not Available
30.77,Not Available,Not Available,percent,16,14,Not Available
24,Not Available,Not Available,percent,17,14,Not Available
42.86,Not Available,Not Available,percent,18,14,Not Available
21.36,Not Available,Not Available,percent,19,14,Not Available
31.58,Not Available,Not Available,percent,20,14,Not Available
37.93,Not Available,Not Available,percent,21,14,Not Available
47.83,Not Available,Not Available,percent,22,14,Not Available
24,Not Available,Not Available,percent,23,14,Not Available
34.62,Not Available,Not Available,percent,24,14,Not Available
23.08,Not Available,Not Available,percent,25,14,Not Available
11.54,Not Available,Not Available,percent,26,14,Not Available
29.17,Not Available,Not Available,percent,27,14,Not Available
26.92,Not Available,Not Available,percent,28,14,Not Available
28.85,Not Available,Not Available,percent,29,14,Not Available
29.7,Not Available,Not Available,percent,30,14,Not Available
26.92,Not Available,Not Available,percent,1,15,Not Available
30.77,Not Available,Not Available,percent,2,15,Not Available
38.46,Not Available,Not Available,percent,3,15,Not Available
46.15,Not Available,Not Available,percent,4,15,Not Available
46.15,Not Available,Not Available,percent,5,15,Not Available
42.31,Not Available,Not Available,percent,6,15,Not Available
30.77,Not Available,Not Available,percent,7,15,Not Available
23.08,Not Available,Not Available,percent,8,15,Not Available
35.58,Not Available,Not Available,percent,9,15,Not Available
35.58,Not Available,Not Available,percent,10,15,Not Available
34.62,Not Available,Not Available,percent,11,15,Not Available
23.53,Not Available,Not Available,percent,12,15,Not Available
34.62,Not Available,Not Available,percent,13,15,Not Available
46.15,Not Available,Not Available,percent,14,15,Not Available
26.92,Not Available,Not Available,percent,15,15,Not Available
26.92,Not Available,Not Available,percent,16,15,Not Available
40,Not Available,Not Available,percent,17,15,Not Available
28.57,Not Available,Not Available,percent,18,15,Not Available
33.98,Not Available,Not Available,percent,19,15,Not Available
30.7,Not Available,Not Available,percent,20,15,Not Available
27.59,Not Available,Not Available,percent,21,15,Not Available
26.09,Not Available,Not Available,percent,22,15,Not Available
36,Not Available,Not Available,percent,23,15,Not Available
26.92,Not Available,Not Available,percent,24,15,Not Available
34.62,Not Available,Not Available,percent,25,15,Not Available
30.77,Not Available,Not Available,percent,26,15,Not Available
41.67,Not Available,Not Available,percent,27,15,Not Available
23.08,Not Available,Not Available,percent,28,15,Not Available
34.62,Not Available,Not Available,percent,29,15,Not Available
26.73,Not Available,Not Available,percent,30,15,Not Available
38.46,Not Available,Not Available,percent,1,16,Not Available
19.23,Not Available,Not Available,percent,2,16,Not Available
38.46,Not Available,Not Available,percent,3,16,Not Available
42.31,Not Available,Not Available,percent,4,16,Not Available
46.15,Not Available,Not Available,percent,5,16,Not Available
30.77,Not Available,Not Available,percent,6,16,Not Available
38.46,Not Available,Not Available,percent,7,16,Not Available
30.77,Not Available,Not Available,percent,8,16,Not Available
40.38,Not Available,Not Available,percent,9,16,Not Available
30.77,Not Available,Not Available,percent,10,16,Not Available
19.23,Not Available,Not Available,percent,11,16,Not Available
32.35,Not Available,Not Available,percent,12,16,Not Available
38.46,Not Available,Not Available,percent,13,16,Not Available
42.31,Not Available,Not Available,percent,14,16,Not Available
26.92,Not Available,Not Available,percent,15,16,Not Available
26.92,Not Available,Not Available,percent,16,16,Not Available
36,Not Available,Not Available,percent,17,16,Not Available
25.0,Not Available,Not Available,percent,18,16,Not Available
30.1,Not Available,Not Available,percent,19,16,Not Available
31.58,Not Available,Not Available,percent,20,16,Not Available
41.38,Not Available,Not Available,percent,21,16,Not Available
26.09,Not Available,Not Available,percent,22,16,Not Available
32,Not Available,Not Available,percent,23,16,Not Available
30.77,Not Available,Not Available,percent,24,16,Not Available
23.08,Not Available,Not Available,percent,25,16,Not Available
38.46,Not Available,Not Available,percent,26,16,Not Available
29.17,Not Available,Not Available,percent,27,16,Not Available
30.77,Not Available,Not Available,percent,28,16,Not Available
31.73,Not Available,Not Available,percent,29,16,Not Available
31.68,Not Available,Not Available,percent,30,16,Not Available
61.54,Not Available,Not Available,percent,1,17,Not Available
30.77,Not Available,Not Available,percent,2,17,Not Available
57.69,Not Available,Not Available,percent,3,17,Not Available
46.15,Not Available,Not Available,percent,4,17,Not Available
57.69,Not Available,Not Available,percent,5,17,Not Available
26.92,Not Available,Not Available,percent,6,17,Not Available
50.0,Not Available,Not Available,percent,7,17,Not Available
30.77,Not Available,Not Available,percent,8,17,Not Available
56.73,Not Available,Not Available,percent,9,17,Not Available
33.65,Not Available,Not Available,percent,10,17,Not Available
38.46,Not Available,Not Available,percent,11,17,Not Available
23.53,Not Available,Not Available,percent,12,17,Not Available
57.69,Not Available,Not Available,percent,13,17,Not Available
26.92,Not Available,Not Available,percent,14,17,Not Available
19.23,Not Available,Not Available,percent,15,17,Not Available
53.85,Not Available,Not Available,percent,16,17,Not Available
16,Not Available,Not Available,percent,17,17,Not Available
32.14,Not Available,Not Available,percent,18,17,Not Available
33.01,Not Available,Not Available,percent,19,17,Not Available
33.33,Not Available,Not Available,percent,20,17,Not Available
20.69,Not Available,Not Available,percent,21,17,Not Available
26.09,Not Available,Not Available,percent,22,17,Not Available
32,Not Available,Not Available,percent,23,17,Not Available
46.15,Not Available,Not Available,percent,24,17,Not Available
50.0,Not Available,Not Available,percent,25,17,Not Available
30.77,Not Available,Not Available,percent,26,17,Not Available
20.83,Not Available,Not Available,percent,27,17,Not Available
30.77,Not Available,Not Available,percent,28,17,Not Available
30.77,Not Available,Not Available,percent,29,17,Not Available
33.66,Not Available,Not Available,percent,30,17,Not Available
42.31,Not Available,Not Available,percent,1,18,Not Available
34.62,Not Available,Not Available,percent,2,18,Not Available
46.15,Not Available,Not Available,percent,3,18,Not Available
50.0,Not Available,Not Available,percent,4,18,Not Available
50.0,Not Available,Not Available,percent,5,18,Not Available
26.92,Not Available,Not Available,percent,6,18,Not Available
42.31,Not Available,Not Available,percent,7,18,Not Available
30.77,Not Available,Not Available,percent,8,18,Not Available
45.19,Not Available,Not Available,percent,9,18,Not Available
35.58,Not Available,Not Available,percent,10,18,Not Available
30.77,Not Available,Not Available,percent,11,18,Not Available
38.24,Not Available,Not Available,percent,12,18,Not Available
38.46,Not Available,Not Available,percent,13,18,Not Available
46.15,Not Available,Not Available,percent,14,18,Not Available
30.77,Not Available,Not Available,percent,15,18,Not Available
34.62,Not Available,Not Available,percent,16,18,Not Available
40,Not Available,Not Available,percent,17,18,Not Available
25.0,Not Available,Not Available,percent,18,18,Not Available
34.95,Not Available,Not Available,percent,19,18,Not Available
35.96,Not Available,Not Available,percent,20,18,Not Available
17.24,Not Available,Not Available,percent,21,18,Not Available
39.13,Not Available,Not Available,percent,22,18,Not Available
28,Not Available,Not Available,percent,23,18,Not Available
23.08,Not Available,Not Available,percent,24,18,Not Available
26.92,Not Available,Not Available,percent,25,18,Not Available
42.31,Not Available,Not Available,percent,26,18,Not Available
45.83,Not Available,Not Available,percent,27,18,Not Available
23.08,Not Available,Not Available,percent,28,18,Not Available
28.85,Not Available,Not Available,percent,29,18,Not Available
31.68,Not Available,Not Available,percent,30,18,Not Available
42.31,Not Available,Not Available,percent,1,19,Not Available
38.46,Not Available,Not Available,percent,2,19,Not Available
46.15,Not Available,Not Available,percent,3,19,Not Available
46.15,Not Available,Not Available,percent,4,19,Not Available
57.69,Not Available,Not Available,percent,5,19,Not Available
26.92,Not Available,Not Available,percent,6,19,Not Available
69.23,Not Available,Not Available,percent,7,19,Not Available
46.15,Not Available,Not Available,percent,8,19,Not Available
53.85,Not Available,Not Available,percent,9,19,Not Available
39.42,Not Available,Not Available,percent,10,19,Not Available
42.31,Not Available,Not Available,percent,11,19,Not Available
38.24,Not Available,Not Available,percent,12,19,Not Available
34.62,Not Available,Not Available,percent,13,19,Not Available
38.46,Not Available,Not Available,percent,14,19,Not Available
30.77,Not Available,Not Available,percent,15,19,Not Available
46.15,Not Available,Not Available,percent,16,19,Not Available
48,Not Available,Not Available,percent,17,19,Not Available
35.71,Not Available,Not Available,percent,18,19,Not Available
38.83,Not Available,Not Available,percent,19,19,Not Available
39.47,Not Available,Not Available,percent,20,19,Not Available
24.14,Not Available,Not Available,percent,21,19,Not Available
21.74,Not Available,Not Available,percent,22,19,Not Available
36,Not Available,Not Available,percent,23,19,Not Available
46.15,Not Available,Not Available,percent,24,19,Not Available
50.0,Not Available,Not Available,percent,25,19,Not Available
30.77,Not Available,Not Available,percent,26,19,Not Available
29.17,Not Available,Not Available,percent,27,19,Not Available
15.38,Not Available,Not Available,percent,28,19,Not Available
34.62,Not Available,Not Available,percent,29,19,Not Available
28.71,Not Available,Not Available,percent,30,19,Not Available
34.62,Not Available,Not Available,percent,1,20,Not Available
26.92,Not Available,Not Available,percent,2,20,Not Available
50.0,Not Available,Not Available,percent,3,20,Not Available
53.85,Not Available,Not Available,percent,4,20,Not Available
73.08,Not Available,Not Available,percent,5,20,Not Available
42.31,Not Available,Not Available,percent,6,20,Not Available
61.54,Not Available,Not Available,percent,7,20,Not Available
42.31,Not Available,Not Available,percent,8,20,Not Available
54.81,Not Available,Not Available,percent,9,20,Not Available
41.35,Not Available,Not Available,percent,10,20,Not Available
15.38,Not Available,Not Available,percent,11,20,Not Available
26.47,Not Available,Not Available,percent,12,20,Not Available
53.85,Not Available,Not Available,percent,13,20,Not Available
50.0,Not Available,Not Available,percent,14,20,Not Available
26.92,Not Available,Not Available,percent,15,20,Not Available
50.0,Not Available,Not Available,percent,16,20,Not Available
56,Not Available,Not Available,percent,17,20,Not Available
60.71,Not Available,Not Available,percent,18,20,Not Available
37.86,Not Available,Not Available,percent,19,20,Not Available
45.61,Not Available,Not Available,percent,20,20,Not Available
34.48,Not Available,Not Available,percent,21,20,Not Available
26.09,Not Available,Not Available,percent,22,20,Not Available
44,Not Available,Not Available,percent,23,20,Not Available
50.0,Not Available,Not Available,percent,24,20,Not Available
46.15,Not Available,Not Available,percent,25,20,Not Available
26.92,Not Available,Not Available,percent,26,20,Not Available
54.17,Not Available,Not Available,percent,27,20,Not Available
38.46,Not Available,Not Available,percent,28,20,Not Available
44.23,Not Available,Not Available,percent,29,20,Not Available
35.64,Not Available,Not Available,percent,30,20,Not Available
30.77,Not Available,Not Available,percent,1,21,Not Available
38.46,Not Available,Not Available,percent,2,21,Not Available
34.62,Not Available,Not Available,percent,3,21,Not Available
50.0,Not Available,Not Available,percent,4,21,Not Available
57.69,Not Available,Not Available,percent,5,21,Not Available
42.31,Not Available,Not Available,percent,6,21,Not Available
53.85,Not Available,Not Available,percent,7,21,Not Available
50.0,Not Available,Not Available,percent,8,21,Not Available
44.23,Not Available,Not Available,percent,9,21,Not Available
45.19,Not Available,Not Available,percent,10,21,Not Available
42.31,Not Available,Not Available,percent,11,21,Not Available
23.53,Not Available,Not Available,percent,12,21,Not Available
26.92,Not Available,Not Available,percent,13,21,Not Available
42.31,Not Available,Not Available,percent,14,21,Not Available
30.77,Not Available,Not Available,percent,15,21,Not Available
34.62,Not Available,Not Available,percent,16,21,Not Available
32,Not Available,Not Available,percent,17,21,Not Available
39.29,Not Available,Not Available,percent,18,21,Not Available
33.01,Not Available,Not Available,percent,19,21,Not Available
34.21,Not Available,Not Available,percent,20,21,Not Available
31.03,Not Available,Not Available,percent,21,21,Not Available
26.09,Not Available,Not Available,percent,22,21,Not Available
32,Not Available,Not Available,percent,23,21,Not Available
26.92,Not Available,Not Available,percent,24,21,Not Available
23.08,Not Available,Not Available,percent,25,21,Not Available
26.92,Not Available,Not Available,percent,26,21,Not Available
41.67,Not Available,Not Available,percent,27,21,Not Available
23.08,Not Available,Not Available,percent,28,21,Not Available
31.73,Not Available,Not Available,percent,29,21,Not Available
25.74,Not Available,Not Available,percent,30,21,Not Available
50.0,Not Available,Not Available,percent,1,22,Not Available
38.46,Not Available,Not Available,percent,2,22,Not Available
46.15,Not Available,Not Available,percent,3,22,Not Available
57.69,Not Available,Not Available,percent,4,22,Not Available
61.54,Not Available,Not Available,percent,5,22,Not Available
30.77,Not Available,Not Available,percent,6,22,Not Available
76.92,Not Available,Not Available,percent,7,22,Not Available
61.54,Not Available,Not Available,percent,8,22,Not Available
58.65,Not Available,Not Available,percent,9,22,Not Available
47.12,Not Available,Not Available,percent,10,22,Not Available
26.92,Not Available,Not Available,percent,11,22,Not Available
38.24,Not Available,Not Available,percent,12,22,Not Available
46.15,Not Available,Not Available,percent,13,22,Not Available
42.31,Not Available,Not Available,percent,14,22,Not Available
34.62,Not Available,Not Available,percent,15,22,Not Available
53.85,Not Available,Not Available,percent,16,22,Not Available
48,Not Available,Not Available,percent,17,22,Not Available
64.29,Not Available,Not Available,percent,18,22,Not Available
38.83,Not Available,Not Available,percent,19,22,Not Available
49.12,Not Available,Not Available,percent,20,22,Not Available
20.69,Not Available,Not Available,percent,21,22,Not Available
30.43,Not Available,Not Available,percent,22,22,Not Available
40,Not Available,Not Available,percent,23,22,Not Available
30.77,Not Available,Not Available,percent,24,22,Not Available
46.15,Not Available,Not Available,percent,25,22,Not Available
42.31,Not Available,Not Available,percent,26,22,Not Available
58.33,Not Available,Not Available,percent,27,22,Not Available
34.62,Not Available,Not Available,percent,28,22,Not Available
40.38,Not Available,Not Available,percent,29,22,Not Available
34.65,Not Available,Not Available,percent,30,22,Not Available
50.0,Not Available,Not Available,percent,1,23,Not Available
26.92,Not Available,Not Available,percent,2,23,Not Available
46.15,Not Available,Not Available,percent,3,23,Not Available
46.15,Not Available,Not Available,percent,4,23,Not Available
53.85,Not Available,Not Available,percent,5,23,Not Available
38.46,Not Available,Not Available,percent,6,23,Not Available
61.54,Not Available,Not Available,percent,7,23,Not Available
34.62,Not Available,Not Available,percent,8,23,Not Available
52.88,Not Available,Not Available,percent,9,23,Not Available
36.54,Not Available,Not Available,percent,10,23,Not Available
15.38,Not Available,Not Available,percent,11,23,Not Available
23.53,Not Available,Not Available,percent,12,23,Not Available
38.46,Not Available,Not Available,percent,13,23,Not Available
46.15,Not Available,Not Available,percent,14,23,Not Available
23.08,Not Available,Not Available,percent,15,23,Not Available
38.46,Not Available,Not Available,percent,16,23,Not Available
36,Not Available,Not Available,percent,17,23,Not Available
28.57,Not Available,Not Available,percent,18,23,Not Available
28.16,Not Available,Not Available,percent,19,23,Not Available
33.33,Not Available,Not Available,percent,20,23,Not Available
24.14,Not Available,Not Available,percent,21,23,Not Available
26.09,Not Available,Not Available,percent,22,23,Not Available
32,Not Available,Not Available,percent,23,23,Not Available
11.54,Not Available,Not Available,percent,24,23,Not Available
26.92,Not Available,Not Available,percent,25,23,Not Available
26.92,Not Available,Not Available,percent,26,23,Not Available
37.5,Not Available,Not Available,percent,27,23,Not Available
19.23,Not Available,Not Available,percent,28,23,Not Available
29.81,Not Available,Not Available,percent,29,23,Not Available
20.79,Not Available,Not Available,percent,30,23,Not Available
15.38,Not Available,Not Available,percent,1,24,Not Available
19.23,Not Available,Not Available,percent,2,24,Not Available
23.08,Not Available,Not Available,percent,3,24,Not Available
42.31,Not Available,Not Available,percent,4,24,Not Available
30.77,Not Available,Not Available,percent,5,24,Not Available
34.62,Not Available,Not Available,percent,6,24,Not Available
42.31,Not Available,Not Available,percent,7,24,Not Available
46.15,Not Available,Not Available,percent,8,24,Not Available
27.88,Not Available,Not Available,percent,9,24,Not Available
35.58,Not Available,Not Available,percent,10,24,Not Available
11.54,Not Available,Not Available,percent,11,24,Not Available
17.65,Not Available,Not Available,percent,12,24,Not Available
30.77,Not Available,Not Available,percent,13,24,Not Available
30.77,Not Available,Not Available,percent,14,24,Not Available
19.23,Not Available,Not Available,percent,15,24,Not Available
50.0,Not Available,Not Available,percent,16,24,Not Available
44,Not Available,Not Available,percent,17,24,Not Available
21.43,Not Available,Not Available,percent,18,24,Not Available
26.21,Not Available,Not Available,percent,19,24,Not Available
28.95,Not Available,Not Available,percent,20,24,Not Available
17.24,Not Available,Not Available,percent,21,24,Not Available
21.74,Not Available,Not Available,percent,22,24,Not Available
40,Not Available,Not Available,percent,23,24,Not Available
23.08,Not Available,Not Available,percent,24,24,Not Available
19.23,Not Available,Not Available,percent,25,24,Not Available
30.77,Not Available,Not Available,percent,26,24,Not Available
37.5,Not Available,Not Available,percent,27,24,Not Available
19.23,Not Available,Not Available,percent,28,24,Not Available
27.88,Not Available,Not Available,percent,29,24,Not Available
23.76,Not Available,Not Available,percent,30,24,Not Available
30.77,Not Available,Not Available,percent,1,25,Not Available
42.31,Not Available,Not Available,percent,2,25,Not Available
69.23,Not Available,Not Available,percent,3,25,Not Available
65.38,Not Available,Not Available,percent,4,25,Not Available
73.08,Not Available,Not Available,percent,5,25,Not Available
46.15,Not Available,Not Available,percent,6,25,Not Available
76.92,Not Available,Not Available,percent,7,25,Not Available
80.77,Not Available,Not Available,percent,8,25,Not Available
62.5,Not Available,Not Available,percent,9,25,Not Available
58.65,Not Available,Not Available,percent,10,25,Not Available
46.15,Not Available,Not Available,percent,11,25,Not Available
29.41,Not Available,Not Available,percent,12,25,Not Available
61.54,Not Available,Not Available,percent,13,25,Not Available
57.69,Not Available,Not Available,percent,14,25,Not Available
42.31,Not Available,Not Available,percent,15,25,Not Available
57.69,Not Available,Not Available,percent,16,25,Not Available
64,Not Available,Not Available,percent,17,25,Not Available
64.29,Not Available,Not Available,percent,18,25,Not Available
53.4,Not Available,Not Available,percent,19,25,Not Available
50.88,Not Available,Not Available,percent,20,25,Not Available
24.14,Not Available,Not Available,percent,21,25,Not Available
21.74,Not Available,Not Available,percent,22,25,Not Available
52,Not Available,Not Available,percent,23,25,Not Available
53.85,Not Available,Not Available,percent,24,25,Not Available
61.54,Not Available,Not Available,percent,25,25,Not Available
46.15,Not Available,Not Available,percent,26,25,Not Available
54.17,Not Available,Not Available,percent,27,25,Not Available
38.46,Not Available,Not Available,percent,28,25,Not Available
47.12,Not Available,Not Available,percent,29,25,Not Available
40.59,Not Available,Not Available,percent,30,25,Not Available
38.46,Not Available,Not Available,percent,1,26,Not Available
11.54,Not Available,Not Available,percent,2,26,Not Available
23.08,Not Available,Not Available,percent,3,26,Not Available
11.54,Not Available,Not Available,percent,4,26,Not Available
15.38,Not Available,Not Available,percent,5,26,Not Available
15.38,Not Available,Not Available,percent,6,26,Not Available
34.62,Not Available,Not Available,percent,7,26,Not Available
19.23,Not Available,Not Available,percent,8,26,Not Available
27.88,Not Available,Not Available,percent,9,26,Not Available
14.42,Not Available,Not Available,percent,10,26,Not Available
34.62,Not Available,Not Available,percent,11,26,Not Available
20.59,Not Available,Not Available,percent,12,26,Not Available
30.77,Not Available,Not Available,percent,13,26,Not Available
23.08,Not Available,Not Available,percent,14,26,Not Available
19.23,Not Available,Not Available,percent,15,26,Not Available
30.77,Not Available,Not Available,percent,16,26,Not Available
8,Not Available,Not Available,percent,17,26,Not Available
32.14,Not Available,Not Available,percent,18,26,Not Available
23.3,Not Available,Not Available,percent,19,26,Not Available
26.32,Not Available,Not Available,percent,20,26,Not Available
24.14,Not Available,Not Available,percent,21,26,Not Available
30.43,Not Available,Not Available,percent,22,26,Not Available
20,Not Available,Not Available,percent,23,26,Not Available
19.23,Not Available,Not Available,percent,24,26,Not Available
23.08,Not Available,Not Available,percent,25,26,Not Available
23.08,Not Available,Not Available,percent,26,26,Not Available
25.0,Not Available,Not Available,percent,27,26,Not Available
34.62,Not Available,Not Available,percent,28,26,Not Available
23.08,Not Available,Not Available,percent,29,26,Not Available
26.73,Not Available,Not Available,percent,30,26,Not Available
42.31,Not Available,Not Available,percent,1,27,Not Available
42.31,Not Available,Not Available,percent,2,27,Not Available
46.15,Not Available,Not Available,percent,3,27,Not Available
42.31,Not Available,Not Available,percent,4,27,Not Available
50.0,Not Available,Not Available,percent,5,27,Not Available
30.77,Not Available,Not Available,percent,6,27,Not Available
42.31,Not Available,Not Available,percent,7,27,Not Available
38.46,Not Available,Not Available,percent,8,27,Not Available
45.19,Not Available,Not Available,percent,9,27,Not Available
38.46,Not Available,Not Available,percent,10,27,Not Available
38.46,Not Available,Not Available,percent,11,27,Not Available
35.29,Not Available,Not Available,percent,12,27,Not Available
46.15,Not Available,Not Available,percent,13,27,Not Available
42.31,Not Available,Not Available,percent,14,27,Not Available
30.77,Not Available,Not Available,percent,15,27,Not Available
34.62,Not Available,Not Available,percent,16,27,Not Available
40,Not Available,Not Available,percent,17,27,Not Available
46.43,Not Available,Not Available,percent,18,27,Not Available
38.83,Not Available,Not Available,percent,19,27,Not Available
39.47,Not Available,Not Available,percent,20,27,Not Available
34.48,Not Available,Not Available,percent,21,27,Not Available
21.74,Not Available,Not Available,percent,22,27,Not Available
20,Not Available,Not Available,percent,23,27,Not Available
34.62,Not Available,Not Available,percent,24,27,Not Available
30.77,Not Available,Not Available,percent,25,27,Not Available
19.23,Not Available,Not Available,percent,26,27,Not Available
25.0,Not Available,Not Available,percent,27,27,Not Available
11.54,Not Available,Not Available,percent,28,27,Not Available
27.88,Not Available,Not Available,percent,29,27,Not Available
21.78,Not Available,Not Available,percent,30,27,Not Available
50.0,Not Available,Not Available,percent,1,28,Not Available
42.31,Not Available,Not Available,percent,2,28,Not Available
50.0,Not Available,Not Available,percent,3,28,Not Available
50.0,Not Available,Not Available,percent,4,28,Not Available
65.38,Not Available,Not Available,percent,5,28,Not Available
50.0,Not Available,Not Available,percent,6,28,Not Available
50.0,Not Available,Not Available,percent,7,28,Not Available
65.38,Not Available,Not Available,percent,8,28,Not Available
53.85,Not Available,Not Available,percent,9,28,Not Available
51.92,Not Available,Not Available,percent,10,28,Not Available
42.31,Not Available,Not Available,percent,11,28,Not Available
44.12,Not Available,Not Available,percent,12,28,Not Available
57.69,Not Available,Not Available,percent,13,28,Not Available
30.77,Not Available,Not Available,percent,14,28,Not Available
34.62,Not Available,Not Available,percent,15,28,Not Available
46.15,Not Available,Not Available,percent,16,28,Not Available
36,Not Available,Not Available,percent,17,28,Not Available
57.14,Not Available,Not Available,percent,18,28,Not Available
42.72,Not Available,Not Available,percent,19,28,Not Available
44.74,Not Available,Not Available,percent,20,28,Not Available
24.14,Not Available,Not Available,percent,21,28,Not Available
17.39,Not Available,Not Available,percent,22,28,Not Available
40,Not Available,Not Available,percent,23,28,Not Available
46.15,Not Available,Not Available,percent,24,28,Not Available
34.62,Not Available,Not Available,percent,25,28,Not Available
42.31,Not Available,Not Available,percent,26,28,Not Available
41.67,Not Available,Not Available,percent,27,28,Not Available
26.92,Not Available,Not Available,percent,28,28,Not Available
34.62,Not Available,Not Available,percent,29,28,Not Available
33.66,Not Available,Not Available,percent,30,28,Not Available
34.62,Not Available,Not Available,percent,1,29,Not Available
19.23,Not Available,Not Available,percent,2,29,Not Available
57.69,Not Available,Not Available,percent,3,29,Not Available
73.08,Not Available,Not Available,percent,4,29,Not Available
69.23,Not Available,Not Available,percent,5,29,Not Available
34.62,Not Available,Not Available,percent,6,29,Not Available
46.15,Not Available,Not Available,percent,7,29,Not Available
57.69,Not Available,Not Available,percent,8,29,Not Available
51.92,Not Available,Not Available,percent,9,29,Not Available
46.15,Not Available,Not Available,percent,10,29,Not Available
19.23,Not Available,Not Available,percent,11,29,Not Available
38.24,Not Available,Not Available,percent,12,29,Not Available
46.15,Not Available,Not Available,percent,13,29,Not Available
46.15,Not Available,Not Available,percent,14,29,Not Available
15.38,Not Available,Not Available,percent,15,29,Not Available
30.77,Not Available,Not Available,percent,16,29,Not Available
44,Not Available,Not Available,percent,17,29,Not Available
42.86,Not Available,Not Available,percent,18,29,Not Available
31.07,Not Available,Not Available,percent,19,29,Not Available
39.47,Not Available,Not Available,percent,20,29,Not Available
31.03,Not Available,Not Available,percent,21,29,Not Available
34.78,Not Available,Not Available,percent,22,29,Not Available
40,Not Available,Not Available,percent,23,29,Not Available
38.46,Not Available,Not Available,percent,24,29,Not Available
38.46,Not Available,Not Available,percent,25,29,Not Available
19.23,Not Available,Not Available,percent,26,29,Not Available
45.83,Not Available,Not Available,percent,27,29,Not Available
11.54,Not Available,Not Available,percent,28,29,Not Available
38.46,Not Available,Not Available,percent,29,29,Not Available
25.74,Not Available,Not Available,percent,30,29,Not Available
46.15,Not Available,Not Available,percent,1,30,Not Available
50.0,Not Available,Not Available,percent,2,30,Not Available
73.08,Not Available,Not Available,percent,3,30,Not Available
73.08,Not Available,Not Available,percent,4,30,Not Available
80.77,Not Available,Not Available,percent,5,30,Not Available
57.69,Not Available,Not Available,percent,6,30,Not Available
65.38,Not Available,Not Available,percent,7,30,Not Available
73.08,Not Available,Not Available,percent,8,30,Not Available
66.35,Not Available,Not Available,percent,9,30,Not Available
63.46,Not Available,Not Available,percent,10,30,Not Available
38.46,Not Available,Not Available,percent,11,30,Not Available
26.47,Not Available,Not Available,percent,12,30,Not Available
69.23,Not Available,Not Available,percent,13,30,Not Available
42.31,Not Available,Not Available,percent,14,30,Not Available
42.31,Not Available,Not Available,percent,15,30,Not Available
57.69,Not Available,Not Available,percent,16,30,Not Available
68,Not Available,Not Available,percent,17,30,Not Available
60.71,Not Available,Not Available,percent,18,30,Not Available
54.37,Not Available,Not Available,percent,19,30,Not Available
45.61,Not Available,Not Available,percent,20,30,Not Available
24.14,Not Available,Not Available,percent,21,30,Not Available
34.78,Not Available,Not Available,percent,22,30,Not Available
68,Not Available,Not Available,percent,23,30,Not Available
46.15,Not Available,Not Available,percent,24,30,Not Available
50.0,Not Available,Not Available,percent,25,30,Not Available
53.85,Not Available,Not Available,percent,26,30,Not Available
62.5,Not Available,Not Available,percent,27,30,Not Available
30.77,Not Available,Not Available,percent,28,30,Not Available
50.0,Not Available,Not Available,percent,29,30,Not Available
41.58,Not Available,Not Available,percent,30,30,Not Available
46.15,Not Available,Not Available,percent,1,31,Not Available
57.69,Not Available,Not Available,percent,2,31,Not Available
76.92,Not Available,Not Available,percent,3,31,Not Available
73.08,Not Available,Not Available,percent,4,31,Not Available
84.62,Not Available,Not Available,percent,5,31,Not Available
61.54,Not Available,Not Available,percent,6,31,Not Available
76.92,Not Available,Not Available,percent,7,31,Not Available
96.15,Not Available,Not Available,percent,8,31,Not Available
71.15,Not Available,Not Available,percent,9,31,Not Available
72.12,Not Available,Not Available,percent,10,31,Not Available
61.54,Not Available,Not Available,percent,11,31,Not Available
52.94,Not Available,Not Available,percent,12,31,Not Available
69.23,Not Available,Not Available,percent,13,31,Not Available
57.69,Not Available,Not Available,percent,14,31,Not Available
42.31,Not Available,Not Available,percent,15,31,Not Available
65.38,Not Available,Not Available,percent,16,31,Not Available
76,Not Available,Not Available,percent,17,31,Not Available
67.86,Not Available,Not Available,percent,18,31,Not Available
62.14,Not Available,Not Available,percent,19,31,Not Available
60.53,Not Available,Not Available,percent,20,31,Not Available
48.28,Not Available,Not Available,percent,21,31,Not Available
43.48,Not Available,Not Available,percent,22,31,Not Available
60,Not Available,Not Available,percent,23,31,Not Available
50.0,Not Available,Not Available,percent,24,31,Not Available
61.54,Not Available,Not Available,percent,25,31,Not Available
50.0,Not Available,Not Available,percent,26,31,Not Available
75.0,Not Available,Not Available,percent,27,31,Not Available
34.62,Not Available,Not Available,percent,28,31,Not Available
60.58,Not Available,Not Available,percent,29,31,Not Available
44.55,Not Available,Not Available,percent,30,31,Not Available
46.15,Not Available,Not Available,percent,1,32,Not Available
42.31,Not Available,Not Available,percent,2,32,Not Available
53.85,Not Available,Not Available,percent,3,32,Not Available
61.54,Not Available,Not Available,percent,4,32,Not Available
61.54,Not Available,Not Available,percent,5,32,Not Available
30.77,Not Available,Not Available,percent,6,32,Not Available
80.77,Not Available,Not Available,percent,7,32,Not Available
61.54,Not Available,Not Available,percent,8,32,Not Available
60.58,Not Available,Not Available,percent,9,32,Not Available
49.04,Not Available,Not Available,percent,10,32,Not Available
42.31,Not Available,Not Available,percent,11,32,Not Available
38.24,Not Available,Not Available,percent,12,32,Not Available
65.38,Not Available,Not Available,percent,13,32,Not Available
50.0,Not Available,Not Available,percent,14,32,Not Available
34.62,Not Available,Not Available,percent,15,32,Not Available
53.85,Not Available,Not Available,percent,16,32,Not Available
64,Not Available,Not Available,percent,17,32,Not Available
50.0,Not Available,Not Available,percent,18,32,Not Available
51.46,Not Available,Not Available,percent,19,32,Not Available
47.37,Not Available,Not Available,percent,20,32,Not Available
20.69,Not Available,Not Available,percent,21,32,Not Available
39.13,Not Available,Not Available,percent,22,32,Not Available
40,Not Available,Not Available,percent,23,32,Not Available
65.38,Not Available,Not Available,percent,24,32,Not Available
34.62,Not Available,Not Available,percent,25,32,Not Available
34.62,Not Available,Not Available,percent,26,32,Not Available
62.5,Not Available,Not Available,percent,27,32,Not Available
38.46,Not Available,Not Available,percent,28,32,Not Available
38.46,Not Available,Not Available,percent,29,32,Not Available
44.55,Not Available,Not Available,percent,30,32,Not Available
34.62,Not Available,Not Available,percent,1,33,Not Available
15.38,Not Available,Not Available,percent,2,33,Not Available
42.31,Not Available,Not Available,percent,3,33,Not Available
50.0,Not Available,Not Available,percent,4,33,Not Available
61.54,Not Available,Not Available,percent,5,33,Not Available
38.46,Not Available,Not Available,percent,6,33,Not Available
34.62,Not Available,Not Available,percent,7,33,Not Available
46.15,Not Available,Not Available,percent,8,33,Not Available
43.27,Not Available,Not Available,percent,9,33,Not Available
37.5,Not Available,Not Available,percent,10,33,Not Available
46.15,Not Available,Not Available,percent,11,33,Not Available
17.65,Not Available,Not Available,percent,12,33,Not Available
42.31,Not Available,Not Available,percent,13,33,Not Available
26.92,Not Available,Not Available,percent,14,33,Not Available
30.77,Not Available,Not Available,percent,15,33,Not Available
46.15,Not Available,Not Available,percent,16,33,Not Available
40,Not Available,Not Available,percent,17,33,Not Available
57.14,Not Available,Not Available,percent,18,33,Not Available
39.81,Not Available,Not Available,percent,19,33,Not Available
35.96,Not Available,Not Available,percent,20,33,Not Available
31.03,Not Available,Not Available,percent,21,33,Not Available
39.13,Not Available,Not Available,percent,22,33,Not Available
44,Not Available,Not Available,percent,23,33,Not Available
34.62,Not Available,Not Available,percent,24,33,Not Available
34.62,Not Available,Not Available,percent,25,33,Not Available
30.77,Not Available,Not Available,percent,26,33,Not Available
25.0,Not Available,Not Available,percent,27,33,Not Available
34.62,Not Available,Not Available,percent,28,33,Not Available
33.65,Not Available,Not Available,percent,29,33,Not Available
34.65,Not Available,Not Available,percent,30,33,Not Available
53.85,Not Available,Not Available,percent,1,34,Not Available
19.23,Not Available,Not Available,percent,2,34,Not Available
46.15,Not Available,Not Available,percent,3,34,Not Available
50.0,Not Available,Not Available,percent,4,34,Not Available
61.54,Not Available,Not Available,percent,5,34,Not Available
38.46,Not Available,Not Available,percent,6,34,Not Available
42.31,Not Available,Not Available,percent,7,34,Not Available
46.15,Not Available,Not Available,percent,8,34,Not Available
50.96,Not Available,Not Available,percent,9,34,Not Available
38.46,Not Available,Not Available,percent,10,34,Not Available
26.92,Not Available,Not Available,percent,11,34,Not Available
35.29,Not Available,Not Available,percent,12,34,Not Available
38.46,Not Available,Not Available,percent,13,34,Not Available
50.0,Not Available,Not Available,percent,14,34,Not Available
30.77,Not Available,Not Available,percent,15,34,Not Available
50.0,Not Available,Not Available,percent,16,34,Not Available
36,Not Available,Not Available,percent,17,34,Not Available
35.71,Not Available,Not Available,percent,18,34,Not Available
33.01,Not Available,Not Available,percent,19,34,Not Available
42.11,Not Available,Not Available,percent,20,34,Not Available
27.59,Not Available,Not Available,percent,21,34,Not Available
43.48,Not Available,Not Available,percent,22,34,Not Available
40,Not Available,Not Available,percent,23,34,Not Available
23.08,Not Available,Not Available,percent,24,34,Not Available
38.46,Not Available,Not Available,percent,25,34,Not Available
46.15,Not Available,Not Available,percent,26,34,Not Available
37.5,Not Available,Not Available,percent,27,34,Not Available
38.46,Not Available,Not Available,percent,28,34,Not Available
35.58,Not Available,Not Available,percent,29,34,Not Available
37.62,Not Available,Not Available,percent,30,34,Not Available
38.46,Not Available,Not Available,percent,1,35,Not Available
30.77,Not Available,Not Available,percent,2,35,Not Available
38.46,Not Available,Not Available,percent,3,35,Not Available
50.0,Not Available,Not Available,percent,4,35,Not Available
61.54,Not Available,Not Available,percent,5,35,Not Available
26.92,Not Available,Not Available,percent,6,35,Not Available
30.77,Not Available,Not Available,percent,7,35,Not Available
50.0,Not Available,Not Available,percent,8,35,Not Available
42.31,Not Available,Not Available,percent,9,35,Not Available
39.42,Not Available,Not Available,percent,10,35,Not Available
30.77,Not Available,Not Available,percent,11,35,Not Available
32.35,Not Available,Not Available,percent,12,35,Not Available
34.62,Not Available,Not Available,percent,13,35,Not Available
26.92,Not Available,Not Available,percent,14,35,Not Available
26.92,Not Available,Not Available,percent,15,35,Not Available
30.77,Not Available,Not Available,percent,16,35,Not Available
24,Not Available,Not Available,percent,17,35,Not Available
28.57,Not Available,Not Available,percent,18,35,Not Available
29.13,Not Available,Not Available,percent,19,35,Not Available
29.82,Not Available,Not Available,percent,20,35,Not Available
31.03,Not Available,Not Available,percent,21,35,Not Available
30.43,Not Available,Not Available,percent,22,35,Not Available
36,Not Available,Not Available,percent,23,35,Not Available
34.62,Not Available,Not Available,percent,24,35,Not Available
34.62,Not Available,Not Available,percent,25,35,Not Available
26.92,Not Available,Not Available,percent,26,35,Not Available
45.83,Not Available,Not Available,percent,27,35,Not Available
26.92,Not Available,Not Available,percent,28,35,Not Available
36.54,Not Available,Not Available,percent,29,35,Not Available
29.7,Not Available,Not Available,percent,30,35,Not Available
38.46,Not Available,Not Available,percent,1,36,Not Available
19.23,Not Available,Not Available,percent,2,36,Not Available
50.0,Not Available,Not Available,percent,3,36,Not Available
53.85,Not Available,Not Available,percent,4,36,Not Available
61.54,Not Available,Not Available,percent,5,36,Not Available
42.31,Not Available,Not Available,percent,6,36,Not Available
50.0,Not Available,Not Available,percent,7,36,Not Available
50.0,Not Available,Not Available,percent,8,36,Not Available
50.0,Not Available,Not Available,percent,9,36,Not Available
41.35,Not Available,Not Available,percent,10,36,Not Available
19.23,Not Available,Not Available,percent,11,36,Not Available
38.24,Not Available,Not Available,percent,12,36,Not Available
42.31,Not Available,Not Available,percent,13,36,Not Available
34.62,Not Available,Not Available,percent,14,36,Not Available
26.92,Not Available,Not Available,percent,15,36,Not Available
34.62,Not Available,Not Available,percent,16,36,Not Available
48,Not Available,Not Available,percent,17,36,Not Available
50.0,Not Available,Not Available,percent,18,36,Not Available
33.98,Not Available,Not Available,percent,19,36,Not Available
39.47,Not Available,Not Available,percent,20,36,Not Available
13.79,Not Available,Not Available,percent,21,36,Not Available
34.78,Not Available,Not Available,percent,22,36,Not Available
44,Not Available,Not Available,percent,23,36,Not Available
19.23,Not Available,Not Available,percent,24,36,Not Available
23.08,Not Available,Not Available,percent,25,36,Not Available
30.77,Not Available,Not Available,percent,26,36,Not Available
50.0,Not Available,Not Available,percent,27,36,Not Available
34.62,Not Available,Not Available,percent,28,36,Not Available
31.73,Not Available,Not Available,percent,29,36,Not Available
29.7,Not Available,Not Available,percent,30,36,Not Available
34.62,Not Available,Not Available,percent,1,37,Not Available
26.92,Not Available,Not Available,percent,2,37,Not Available
38.46,Not Available,Not Available,percent,3,37,Not Available
42.31,Not Available,Not Available,percent,4,37,Not Available
57.69,Not Available,Not Available,percent,5,37,Not Available
30.77,Not Available,Not Available,percent,6,37,Not Available
23.08,Not Available,Not Available,percent,7,37,Not Available
34.62,Not Available,Not Available,percent,8,37,Not Available
38.46,Not Available,Not Available,percent,9,37,Not Available
33.65,Not Available,Not Available,percent,10,37,Not Available
26.92,Not Available,Not Available,percent,11,37,Not Available
35.29,Not Available,Not Available,percent,12,37,Not Available
34.62,Not Available,Not Available,percent,13,37,Not Available
53.85,Not Available,Not Available,percent,14,37,Not Available
26.92,Not Available,Not Available,percent,15,37,Not Available
30.77,Not Available,Not Available,percent,16,37,Not Available
24,Not Available,Not Available,percent,17,37,Not Available
39.29,Not Available,Not Available,percent,18,37,Not Available
28.16,Not Available,Not Available,percent,19,37,Not Available
39.47,Not Available,Not Available,percent,20,37,Not Available
24.14,Not Available,Not Available,percent,21,37,Not Available
21.74,Not Available,Not Available,percent,22,37,Not Available
28,Not Available,Not Available,percent,23,37,Not Available
61.54,Not Available,Not Available,percent,24,37,Not Available
26.92,Not Available,Not Available,percent,25,37,Not Available
46.15,Not Available,Not Available,percent,26,37,Not Available
25.0,Not Available,Not Available,percent,27,37,Not Available
26.92,Not Available,Not Available,percent,28,37,Not Available
25.96,Not Available,Not Available,percent,29,37,Not Available
39.6,Not Available,Not Available,percent,30,37,Not Available
34.62,Not Available,Not Available,percent,1,38,Not Available
30.77,Not Available,Not Available,percent,2,38,Not Available
50.0,Not Available,Not Available,percent,3,38,Not Available
53.85,Not Available,Not Available,percent,4,38,Not Available
65.38,Not Available,Not Available,percent,5,38,Not Available
38.46,Not Available,Not Available,percent,6,38,Not Available
61.54,Not Available,Not Available,percent,7,38,Not Available
73.08,Not Available,Not Available,percent,8,38,Not Available
52.88,Not Available,Not Available,percent,9,38,Not Available
49.04,Not Available,Not Available,percent,10,38,Not Available
38.46,Not Available,Not Available,percent,11,38,Not Available
26.47,Not Available,Not Available,percent,12,38,Not Available
42.31,Not Available,Not Available,percent,13,38,Not Available
34.62,Not Available,Not Available,percent,14,38,Not Available
38.46,Not Available,Not Available,percent,15,38,Not Available
38.46,Not Available,Not Available,percent,16,38,Not Available
36,Not Available,Not Available,percent,17,38,Not Available
42.86,Not Available,Not Available,percent,18,38,Not Available
38.83,Not Available,Not Available,percent,19,38,Not Available
35.09,Not Available,Not Available,percent,20,38,Not Available
31.03,Not Available,Not Available,percent,21,38,Not Available
52.17,Not Available,Not Available,percent,22,38,Not Available
32,Not Available,Not Available,percent,23,38,Not Available
50.0,Not Available,Not Available,percent,24,38,Not Available
34.62,Not Available,Not Available,percent,25,38,Not Available
26.92,Not Available,Not Available,percent,26,38,Not Available
58.33,Not Available,Not Available,percent,27,38,Not Available
46.15,Not Available,Not Available,percent,28,38,Not Available
38.46,Not Available,Not Available,percent,29,38,Not Available
43.56,Not Available,Not Available,percent,30,38,Not Available
38.46,Not Available,Not Available,percent,1,39,Not Available
34.62,Not Available,Not Available,percent,2,39,Not Available
57.69,Not Available,Not Available,percent,3,39,Not Available
65.38,Not Available,Not Available,percent,4,39,Not Available
69.23,Not Available,Not Available,percent,5,39,Not Available
42.31,Not Available,Not Available,percent,6,39,Not Available
57.69,Not Available,Not Available,percent,7,39,Not Available
84.62,Not Available,Not Available,percent,8,39,Not Available
55.77,Not Available,Not Available,percent,9,39,Not Available
56.73,Not Available,Not Available,percent,10,39,Not Available
53.85,Not Available,Not Available,percent,11,39,Not Available
44.12,Not Available,Not Available,percent,12,39,Not Available
53.85,Not Available,Not Available,percent,13,39,Not Available
50.0,Not Available,Not Available,percent,14,39,Not Available
34.62,Not Available,Not Available,percent,15,39,Not Available
46.15,Not Available,Not Available,percent,16,39,Not Available
56,Not Available,Not Available,percent,17,39,Not Available
71.43,Not Available,Not Available,percent,18,39,Not Available
49.51,Not Available,Not Available,percent,19,39,Not Available
52.63,Not Available,Not Available,percent,20,39,Not Available
48.28,Not Available,Not Available,percent,21,39,Not Available
56.52,Not Available,Not Available,percent,22,39,Not Available
40,Not Available,Not Available,percent,23,39,Not Available
38.46,Not Available,Not Available,percent,24,39,Not Available
42.31,Not Available,Not Available,percent,25,39,Not Available
38.46,Not Available,Not Available,percent,26,39,Not Available
58.33,Not Available,Not Available,percent,27,39,Not Available
34.62,Not Available,Not Available,percent,28,39,Not Available
47.12,Not Available,Not Available,percent,29,39,Not Available
41.58,Not Available,Not Available,percent,30,39,Not Available
53.85,Not Available,Not Available,percent,1,40,Not Available
30.77,Not Available,Not Available,percent,2,40,Not Available
61.54,Not Available,Not Available,percent,3,40,Not Available
73.08,Not Available,Not Available,percent,4,40,Not Available
65.38,Not Available,Not Available,percent,5,40,Not Available
30.77,Not Available,Not Available,percent,6,40,Not Available
76.92,Not Available,Not Available,percent,7,40,Not Available
69.23,Not Available,Not Available,percent,8,40,Not Available
64.42,Not Available,Not Available,percent,9,40,Not Available
50.96,Not Available,Not Available,percent,10,40,Not Available
61.54,Not Available,Not Available,percent,11,40,Not Available
35.29,Not Available,Not Available,percent,12,40,Not Available
53.85,Not Available,Not Available,percent,13,40,Not Available
69.23,Not Available,Not Available,percent,14,40,Not Available
42.31,Not Available,Not Available,percent,15,40,Not Available
50.0,Not Available,Not Available,percent,16,40,Not Available
68,Not Available,Not Available,percent,17,40,Not Available
67.86,Not Available,Not Available,percent,18,40,Not Available
56.31,Not Available,Not Available,percent,19,40,Not Available
54.39,Not Available,Not Available,percent,20,40,Not Available
41.38,Not Available,Not Available,percent,21,40,Not Available
30.43,Not Available,Not Available,percent,22,40,Not Available
56,Not Available,Not Available,percent,23,40,Not Available
50.0,Not Available,Not Available,percent,24,40,Not Available
38.46,Not Available,Not Available,percent,25,40,Not Available
42.31,Not Available,Not Available,percent,26,40,Not Available
62.5,Not Available,Not Available,percent,27,40,Not Available
42.31,Not Available,Not Available,percent,28,40,Not Available
49.04,Not Available,Not Available,percent,29,40,Not Available
41.58,Not Available,Not Available,percent,30,40,Not Available
53.85,Not Available,Not Available,percent,1,41,Not Available
34.62,Not Available,Not Available,percent,2,41,Not Available
57.69,Not Available,Not Available,percent,3,41,Not Available
57.69,Not Available,Not Available,percent,4,41,Not Available
65.38,Not Available,Not Available,percent,5,41,Not Available
42.31,Not Available,Not Available,percent,6,41,Not Available
65.38,Not Available,Not Available,percent,7,41,Not Available
50.0,Not Available,Not Available,percent,8,41,Not Available
60.58,Not Available,Not Available,percent,9,41,Not Available
46.15,Not Available,Not Available,percent,10,41,Not Available
34.62,Not Available,Not Available,percent,11,41,Not Available
41.18,Not Available,Not Available,percent,12,41,Not Available
46.15,Not Available,Not Available,percent,13,41,Not Available
53.85,Not Available,Not Available,percent,14,41,Not Available
38.46,Not Available,Not Available,percent,15,41,Not Available
57.69,Not Available,Not Available,percent,16,41,Not Available
44,Not Available,Not Available,percent,17,41,Not Available
57.14,Not Available,Not Available,percent,18,41,Not Available
40.78,Not Available,Not Available,percent,19,41,Not Available
51.75,Not Available,Not Available,percent,20,41,Not Available
24.14,Not Available,Not Available,percent,21,41,Not Available
30.43,Not Available,Not Available,percent,22,41,Not Available
40,Not Available,Not Available,percent,23,41,Not Available
53.85,Not Available,Not Available,percent,24,41,Not Available
42.31,Not Available,Not Available,percent,25,41,Not Available
46.15,Not Available,Not Available,percent,26,41,Not Available
62.5,Not Available,Not Available,percent,27,41,Not Available
30.77,Not Available,Not Available,percent,28,41,Not Available
41.35,Not Available,Not Available,percent,29,41,Not Available
40.59,Not Available,Not Available,percent,30,41,Not Available
38.46,Not Available,Not Available,percent,1,42,Not Available
19.23,Not Available,Not Available,percent,2,42,Not Available
53.85,Not Available,Not Available,percent,3,42,Not Available
42.31,Not Available,Not Available,percent,4,42,Not Available
61.54,Not Available,Not Available,percent,5,42,Not Available
42.31,Not Available,Not Available,percent,6,42,Not Available
57.69,Not Available,Not Available,percent,7,42,Not Available
50.0,Not Available,Not Available,percent,8,42,Not Available
52.88,Not Available,Not Available,percent,9,42,Not Available
38.46,Not Available,Not Available,percent,10,42,Not Available
30.77,Not Available,Not Available,percent,11,42,Not Available
47.06,Not Available,Not Available,percent,12,42,Not Available
46.15,Not Available,Not Available,percent,13,42,Not Available
46.15,Not Available,Not Available,percent,14,42,Not Available
30.77,Not Available,Not Available,percent,15,42,Not Available
42.31,Not Available,Not Available,percent,16,42,Not Available
52,Not Available,Not Available,percent,17,42,Not Available
42.86,Not Available,Not Available,percent,18,42,Not Available
39.81,Not Available,Not Available,percent,19,42,Not Available
44.74,Not Available,Not Available,percent,20,42,Not Available
20.69,Not Available,Not Available,percent,21,42,Not Available
30.43,Not Available,Not Available,percent,22,42,Not Available
28,Not Available,Not Available,percent,23,42,Not Available
38.46,Not Available,Not Available,percent,24,42,Not Available
34.62,Not Available,Not Available,percent,25,42,Not Available
30.77,Not Available,Not Available,percent,26,42,Not Available
45.83,Not Available,Not Available,percent,27,42,Not Available
30.77,Not Available,Not Available,percent,28,42,Not Available
31.73,Not Available,Not Available,percent,29,42,Not Available
32.67,Not Available,Not Available,percent,30,42,Not Available
57.69,Not Available,Not Available,percent,1,43,Not Available
34.62,Not Available,Not Available,percent,2,43,Not Available
50.0,Not Available,Not Available,percent,3,43,Not Available
61.54,Not Available,Not Available,percent,4,43,Not Available
73.08,Not Available,Not Available,percent,5,43,Not Available
38.46,Not Available,Not Available,percent,6,43,Not Available
84.62,Not Available,Not Available,percent,7,43,Not Available
65.38,Not Available,Not Available,percent,8,43,Not Available
66.35,Not Available,Not Available,percent,9,43,Not Available
50.0,Not Available,Not Available,percent,10,43,Not Available
42.31,Not Available,Not Available,percent,11,43,Not Available
38.24,Not Available,Not Available,percent,12,43,Not Available
53.85,Not Available,Not Available,percent,13,43,Not Available
50.0,Not Available,Not Available,percent,14,43,Not Available
30.77,Not Available,Not Available,percent,15,43,Not Available
50.0,Not Available,Not Available,percent,16,43,Not Available
44,Not Available,Not Available,percent,17,43,Not Available
75.0,Not Available,Not Available,percent,18,43,Not Available
42.72,Not Available,Not Available,percent,19,43,Not Available
52.63,Not Available,Not Available,percent,20,43,Not Available
34.48,Not Available,Not Available,percent,21,43,Not Available
39.13,Not Available,Not Available,percent,22,43,Not Available
48,Not Available,Not Available,percent,23,43,Not Available
50.0,Not Available,Not Available,percent,24,43,Not Available
26.92,Not Available,Not Available,percent,25,43,Not Available
34.62,Not Available,Not Available,percent,26,43,Not Available
66.67,Not Available,Not Available,percent,27,43,Not Available
53.85,Not Available,Not Available,percent,28,43,Not Available
43.27,Not Available,Not Available,percent,29,43,Not Available
44.55,Not Available,Not Available,percent,30,43,Not Available
57.69,Not Available,Not Available,percent,1,44,Not Available
50.0,Not Available,Not Available,percent,2,44,Not Available
61.54,Not Available,Not Available,percent,3,44,Not Available
50.0,Not Available,Not Available,percent,4,44,Not Available
73.08,Not Available,Not Available,percent,5,44,Not Available
38.46,Not Available,Not Available,percent,6,44,Not Available
57.69,Not Available,Not Available,percent,7,44,Not Available
57.69,Not Available,Not Available,percent,8,44,Not Available
62.5,Not Available,Not Available,percent,9,44,Not Available
49.04,Not Available,Not Available,percent,10,44,Not Available
30.77,Not Available,Not Available,percent,11,44,Not Available
35.29,Not Available,Not Available,percent,12,44,Not Available
53.85,Not Available,Not Available,percent,13,44,Not Available
38.46,Not Available,Not Available,percent,14,44,Not Available
38.46,Not Available,Not Available,percent,15,44,Not Available
34.62,Not Available,Not Available,percent,16,44,Not Available
44,Not Available,Not Available,percent,17,44,Not Available
60.71,Not Available,Not Available,percent,18,44,Not Available
41.75,Not Available,Not Available,percent,19,44,Not Available
42.11,Not Available,Not Available,percent,20,44,Not Available
34.48,Not Available,Not Available,percent,21,44,Not Available
34.78,Not Available,Not Available,percent,22,44,Not Available
44,Not Available,Not Available,percent,23,44,Not Available
57.69,Not Available,Not Available,percent,24,44,Not Available
38.46,Not Available,Not Available,percent,25,44,Not Available
30.77,Not Available,Not Available,percent,26,44,Not Available
41.67,Not Available,Not Available,percent,27,44,Not Available
34.62,Not Available,Not Available,percent,28,44,Not Available
39.42,Not Available,Not Available,percent,29,44,Not Available
39.6,Not Available,Not Available,percent,30,44,Not Available
50.0,Not Available,Not Available,percent,1,45,Not Available
30.77,Not Available,Not Available,percent,2,45,Not Available
65.38,Not Available,Not Available,percent,3,45,Not Available
57.69,Not Available,Not Available,percent,4,45,Not Available
65.38,Not Available,Not Available,percent,5,45,Not Available
30.77,Not Available,Not Available,percent,6,45,Not Available
53.85,Not Available,Not Available,percent,7,45,Not Available
42.31,Not Available,Not Available,percent,8,45,Not Available
58.65,Not Available,Not Available,percent,9,45,Not Available
40.38,Not Available,Not Available,percent,10,45,Not Available
38.46,Not Available,Not Available,percent,11,45,Not Available
41.18,Not Available,Not Available,percent,12,45,Not Available
53.85,Not Available,Not Available,percent,13,45,Not Available
34.62,Not Available,Not Available,percent,14,45,Not Available
38.46,Not Available,Not Available,percent,15,45,Not Available
46.15,Not Available,Not Available,percent,16,45,Not Available
32,Not Available,Not Available,percent,17,45,Not Available
50.0,Not Available,Not Available,percent,18,45,Not Available
40.78,Not Available,Not Available,percent,19,45,Not Available
42.98,Not Available,Not Available,percent,20,45,Not Available
31.03,Not Available,Not Available,percent,21,45,Not Available
34.78,Not Available,Not Available,percent,22,45,Not Available
44,Not Available,Not Available,percent,23,45,Not Available
38.46,Not Available,Not Available,percent,24,45,Not Available
30.77,Not Available,Not Available,percent,25,45,Not Available
38.46,Not Available,Not Available,percent,26,45,Not Available
37.5,Not Available,Not Available,percent,27,45,Not Available
26.92,Not Available,Not Available,percent,28,45,Not Available
35.58,Not Available,Not Available,percent,29,45,Not Available
34.65,Not Available,Not Available,percent,30,45,Not Available
57.69,Not Available,Not Available,percent,1,46,Not Available
38.46,Not Available,Not Available,percent,2,46,Not Available
84.62,Not Available,Not Available,percent,3,46,Not Available
57.69,Not Available,Not Available,percent,4,46,Not Available
80.77,Not Available,Not Available,percent,5,46,Not Available
34.62,Not Available,Not Available,percent,6,46,Not Available
92.31,Not Available,Not Available,percent,7,46,Not Available
26.92,Not Available,Not Available,percent,8,46,Not Available
78.85,Not Available,Not Available,percent,9,46,Not Available
39.42,Not Available,Not Available,percent,10,46,Not Available
46.15,Not Available,Not Available,percent,11,46,Not Available
47.06,Not Available,Not Available,percent,12,46,Not Available
50.0,Not Available,Not Available,percent,13,46,Not Available
61.54,Not Available,Not Available,percent,14,46,Not Available
26.92,Not Available,Not Available,percent,15,46,Not Available
65.38,Not Available,Not Available,percent,16,46,Not Available
72,Not Available,Not Available,percent,17,46,Not Available
67.86,Not Available,Not Available,percent,18,46,Not Available
48.54,Not Available,Not Available,percent,19,46,Not Available
59.65,Not Available,Not Available,percent,20,46,Not Available
37.93,Not Available,Not Available,percent,21,46,Not Available
30.43,Not Available,Not Available,percent,22,46,Not Available
52,Not Available,Not Available,percent,23,46,Not Available
50.0,Not Available,Not Available,percent,24,46,Not Available
57.69,Not Available,Not Available,percent,25,46,Not Available
61.54,Not Available,Not Available,percent,26,46,Not Available
79.17,Not Available,Not Available,percent,27,46,Not Available
42.31,Not Available,Not Available,percent,28,46,Not Available
55.77,Not Available,Not Available,percent,29,46,Not Available
46.53,Not Available,Not Available,percent,30,46,Not Available
84.62,Not Available,Not Available,percent,1,47,Not Available
65.38,Not Available,Not Available,percent,2,47,Not Available
92.31,Not Available,Not Available,percent,3,47,Not Available
92.31,Not Available,Not Available,percent,4,47,Not Available
96.15,Not Available,Not Available,percent,5,47,Not Available
76.92,Not Available,Not Available,percent,6,47,Not Available
96.15,Not Available,Not Available,percent,7,47,Not Available
100.0,Not Available,Not Available,percent,8,47,Not Available
92.31,Not Available,Not Available,percent,9,47,Not Available
83.65,Not Available,Not Available,percent,10,47,Not Available
76.92,Not Available,Not Available,percent,11,47,Not Available
58.82,Not Available,Not Available,percent,12,47,Not Available
88.46,Not Available,Not Available,percent,13,47,Not Available
76.92,Not Available,Not Available,percent,14,47,Not Available
42.31,Not Available,Not Available,percent,15,47,Not Available
84.62,Not Available,Not Available,percent,16,47,Not Available
88,Not Available,Not Available,percent,17,47,Not Available
89.29,Not Available,Not Available,percent,18,47,Not Available
73.79,Not Available,Not Available,percent,19,47,Not Available
76.32,Not Available,Not Available,percent,20,47,Not Available
65.52,Not Available,Not Available,percent,21,47,Not Available
100.0,Not Available,Not Available,percent,22,47,Not Available
72,Not Available,Not Available,percent,23,47,Not Available
57.69,Not Available,Not Available,percent,24,47,Not Available
73.08,Not Available,Not Available,percent,25,47,Not Available
73.08,Not Available,Not Available,percent,26,47,Not Available
83.33,Not Available,Not Available,percent,27,47,Not Available
96.15,Not Available,Not Available,percent,28,47,Not Available
73.08,Not Available,Not Available,percent,29,47,Not Available
81.19,Not Available,Not Available,percent,30,47,Not Available
76.92,Not Available,Not Available,percent,1,48,Not Available
84.62,Not Available,Not Available,percent,2,48,Not Available
92.31,Not Available,Not Available,percent,3,48,Not Available
88.46,Not Available,Not Available,percent,4,48,Not Available
100.0,Not Available,Not Available,percent,5,48,Not Available
69.23,Not Available,Not Available,percent,6,48,Not Available
100.0,Not Available,Not Available,percent,7,48,Not Available
100.0,Not Available,Not Available,percent,8,48,Not Available
92.31,Not Available,Not Available,percent,9,48,Not Available
85.58,Not Available,Not Available,percent,10,48,Not Available
92.31,Not Available,Not Available,percent,11,48,Not Available
76.47,Not Available,Not Available,percent,12,48,Not Available
96.15,Not Available,Not Available,percent,13,48,Not Available
88.46,Not Available,Not Available,percent,14,48,Not Available
38.46,Not Available,Not Available,percent,15,48,Not Available
80.77,Not Available,Not Available,percent,16,48,Not Available
96,Not Available,Not Available,percent,17,48,Not Available
89.29,Not Available,Not Available,percent,18,48,Not Available
80.58,Not Available,Not Available,percent,19,48,Not Available
83.33,Not Available,Not Available,percent,20,48,Not Available
58.62,Not Available,Not Available,percent,21,48,Not Available
43.48,Not Available,Not Available,percent,22,48,Not Available
84,Not Available,Not Available,percent,23,48,Not Available
65.38,Not Available,Not Available,percent,24,48,Not Available
76.92,Not Available,Not Available,percent,25,48,Not Available
76.92,Not Available,Not Available,percent,26,48,Not Available
87.5,Not Available,Not Available,percent,27,48,Not Available
76.92,Not Available,Not Available,percent,28,48,Not Available
75.96,Not Available,Not Available,percent,29,48,Not Available
66.34,Not Available,Not Available,percent,30,48,Not Available
80.77,Not Available,Not Available,percent,1,49,Not Available
88.46,Not Available,Not Available,percent,2,49,Not Available
88.46,Not Available,Not Available,percent,3,49,Not Available
96.15,Not Available,Not Available,percent,4,49,Not Available
100.0,Not Available,Not Available,percent,5,49,Not Available
88.46,Not Available,Not Available,percent,6,49,Not Available
100.0,Not Available,Not Available,percent,7,49,Not Available
96.15,Not Available,Not Available,percent,8,49,Not Available
92.31,Not Available,Not Available,percent,9,49,Not Available
92.31,Not Available,Not Available,percent,10,49,Not Available
92.31,Not Available,Not Available,percent,11,49,Not Available
82.35,Not Available,Not Available,percent,12,49,Not Available
96.15,Not Available,Not Available,percent,13,49,Not Available
96.15,Not Available,Not Available,percent,14,49,Not Available
38.46,Not Available,Not Available,percent,15,49,Not Available
84.62,Not Available,Not Available,percent,16,49,Not Available
96,Not Available,Not Available,percent,17,49,Not Available
85.71,Not Available,Not Available,percent,18,49,Not Available
80.58,Not Available,Not Available,percent,19,49,Not Available
86.84,Not Available,Not Available,percent,20,49,Not Available
72.41,Not Available,Not Available,percent,21,49,Not Available
78.26,Not Available,Not Available,percent,22,49,Not Available
72,Not Available,Not Available,percent,23,49,Not Available
69.23,Not Available,Not Available,percent,24,49,Not Available
80.77,Not Available,Not Available,percent,25,49,Not Available
69.23,Not Available,Not Available,percent,26,49,Not Available
87.5,Not Available,Not Available,percent,27,49,Not Available
61.54,Not Available,Not Available,percent,28,49,Not Available
77.88,Not Available,Not Available,percent,29,49,Not Available
69.31,Not Available,Not Available,percent,30,49,Not Available
84.62,Not Available,Not Available,percent,1,50,Not Available
73.08,Not Available,Not Available,percent,2,50,Not Available
88.46,Not Available,Not Available,percent,3,50,Not Available
88.46,Not Available,Not Available,percent,4,50,Not Available
100.0,Not Available,Not Available,percent,5,50,Not Available
80.77,Not Available,Not Available,percent,6,50,Not Available
96.15,Not Available,Not Available,percent,7,50,Not Available
100.0,Not Available,Not Available,percent,8,50,Not Available
92.31,Not Available,Not Available,percent,9,50,Not Available
85.58,Not Available,Not Available,percent,10,50,Not Available
84.62,Not Available,Not Available,percent,11,50,Not Available
79.41,Not Available,Not Available,percent,12,50,Not Available
96.15,Not Available,Not Available,percent,13,50,Not Available
84.62,Not Available,Not Available,percent,14,50,Not Available
38.46,Not Available,Not Available,percent,15,50,Not Available
80.77,Not Available,Not Available,percent,16,50,Not Available
96,Not Available,Not Available,percent,17,50,Not Available
92.86,Not Available,Not Available,percent,18,50,Not Available
78.64,Not Available,Not Available,percent,19,50,Not Available
84.21,Not Available,Not Available,percent,20,50,Not Available
55.17,Not Available,Not Available,percent,21,50,Not Available
52.17,Not Available,Not Available,percent,22,50,Not Available
88,Not Available,Not Available,percent,23,50,Not Available
61.54,Not Available,Not Available,percent,24,50,Not Available
73.08,Not Available,Not Available,percent,25,50,Not Available
65.38,Not Available,Not Available,percent,26,50,Not Available
83.33,Not Available,Not Available,percent,27,50,Not Available
61.54,Not Available,Not Available,percent,28,50,Not Available
74.04,Not Available,Not Available,percent,29,50,Not Available
60.4,Not Available,Not Available,percent,30,50,Not Available
73.08,Not Available,Not Available,percent,1,51,Not Available
84.62,Not Available,Not Available,percent,2,51,Not Available
92.31,Not Available,Not Available,percent,3,51,Not Available
96.15,Not Available,Not Available,percent,4,51,Not Available
100.0,Not Available,Not Available,percent,5,51,Not Available
80.77,Not Available,Not Available,percent,6,51,Not Available
96.15,Not Available,Not Available,percent,7,51,Not Available
100.0,Not Available,Not Available,percent,8,51,Not Available
90.38,Not Available,Not Available,percent,9,51,Not Available
90.38,Not Available,Not Available,percent,10,51,Not Available
46.15,Not Available,Not Available,percent,11,51,Not Available
55.88,Not Available,Not Available,percent,12,51,Not Available
80.77,Not Available,Not Available,percent,13,51,Not Available
57.69,Not Available,Not Available,percent,14,51,Not Available
42.31,Not Available,Not Available,percent,15,51,Not Available
50.0,Not Available,Not Available,percent,16,51,Not Available
68,Not Available,Not Available,percent,17,51,Not Available
75.0,Not Available,Not Available,percent,18,51,Not Available
59.22,Not Available,Not Available,percent,19,51,Not Available
59.65,Not Available,Not Available,percent,20,51,Not Available
37.93,Not Available,Not Available,percent,21,51,Not Available
34.78,Not Available,Not Available,percent,22,51,Not Available
52,Not Available,Not Available,percent,23,51,Not Available
50.0,Not Available,Not Available,percent,24,51,Not Available
57.69,Not Available,Not Available,percent,25,51,Not Available
42.31,Not Available,Not Available,percent,26,51,Not Available
75.0,Not Available,Not Available,percent,27,51,Not Available
46.15,Not Available,Not Available,percent,28,51,Not Available
54.81,Not Available,Not Available,percent,29,51,Not Available
43.56,Not Available,Not Available,percent,30,51,Not Available
76.92,Not Available,Not Available,percent,1,52,Not Available
65.38,Not Available,Not Available,percent,2,52,Not Available
96.15,Not Available,Not Available,percent,3,52,Not Available
96.15,Not Available,Not Available,percent,4,52,Not Available
96.15,Not Available,Not Available,percent,5,52,Not Available
80.77,Not Available,Not Available,percent,6,52,Not Available
88.46,Not Available,Not Available,percent,7,52,Not Available
96.15,Not Available,Not Available,percent,8,52,Not Available
89.42,Not Available,Not Available,percent,9,52,Not Available
84.62,Not Available,Not Available,percent,10,52,Not Available
84.62,Not Available,Not Available,percent,11,52,Not Available
67.65,Not Available,Not Available,percent,12,52,Not Available
84.62,Not Available,Not Available,percent,13,52,Not Available
88.46,Not Available,Not Available,percent,14,52,Not Available
42.31,Not Available,Not Available,percent,15,52,Not Available
80.77,Not Available,Not Available,percent,16,52,Not Available
88,Not Available,Not Available,percent,17,52,Not Available
89.29,Not Available,Not Available,percent,18,52,Not Available
74.76,Not Available,Not Available,percent,19,52,Not Available
80.7,Not Available,Not Available,percent,20,52,Not Available
62.07,Not Available,Not Available,percent,21,52,Not Available
52.17,Not Available,Not Available,percent,22,52,Not Available
76,Not Available,Not Available,percent,23,52,Not Available
61.54,Not Available,Not Available,percent,24,52,Not Available
80.77,Not Available,Not Available,percent,25,52,Not Available
61.54,Not Available,Not Available,percent,26,52,Not Available
87.5,Not Available,Not Available,percent,27,52,Not Available
42.31,Not Available,Not Available,percent,28,52,Not Available
75.96,Not Available,Not Available,percent,29,52,Not Available
54.46,Not Available,Not Available,percent,30,52,Not Available
26.92,Not Available,Not Available,percent,1,53,Not Available
50.0,Not Available,Not Available,percent,2,53,Not Available
57.69,Not Available,Not Available,percent,3,53,Not Available
53.85,Not Available,Not Available,percent,4,53,Not Available
3.85,Not Available,Not Available,percent,5,53,Not Available
38.46,Not Available,Not Available,percent,6,53,Not Available
80.77,Not Available,Not Available,percent,7,53,Not Available
73.08,Not Available,Not Available,percent,8,53,Not Available
42.31,Not Available,Not Available,percent,9,53,Not Available
53.85,Not Available,Not Available,percent,10,53,Not Available
26.92,Not Available,Not Available,percent,11,53,Not Available
32.35,Not Available,Not Available,percent,12,53,Not Available
50.0,Not Available,Not Available,percent,13,53,Not Available
53.85,Not Available,Not Available,percent,14,53,Not Available
34.62,Not Available,Not Available,percent,15,53,Not Available
53.85,Not Available,Not Available,percent,16,53,Not Available
44,Not Available,Not Available,percent,17,53,Not Available
71.43,Not Available,Not Available,percent,18,53,Not Available
38.83,Not Available,Not Available,percent,19,53,Not Available
51.75,Not Available,Not Available,percent,20,53,Not Available
41.38,Not Available,Not Available,percent,21,53,Not Available
30.43,Not Available,Not Available,percent,22,53,Not Available
44,Not Available,Not Available,percent,23,53,Not Available
30.77,Not Available,Not Available,percent,24,53,Not Available
26.92,Not Available,Not Available,percent,25,53,Not Available
34.62,Not Available,Not Available,percent,26,53,Not Available
54.17,Not Available,Not Available,percent,27,53,Not Available
34.62,Not Available,Not Available,percent,28,53,Not Available
41.35,Not Available,Not Available,percent,29,53,Not Available
32.67,Not Available,Not Available,percent,30,53,Not Available
